{"cameraMode":{"drawMode":0,"name":"Shaded","section":"Shading Mode"},"sceneLighting":false,"audioPlay":false,"sceneViewState":{"m_AlwaysRefresh":false,"showFog":true,"showSkybox":false,"showFlares":true,"showImageEffects":true,"showParticleSystems":true,"showVisualEffectGraphs":true,"m_FxEnabled":true},"in2DMode":false,"pivot":{"x":0.013999998569488526,"y":1.3600000143051148,"z":0.8059999942779541},"rotation":{"x":0.1735067516565323,"y":-0.39309030771255495,"z":0.07579825818538666,"w":0.8997514843940735},"size":0.6495190262794495,"orthographic":false}